交易编号,类别,销售日期,销售数量,平均价格(美元),平均成本(美元),总收入(美元),总成本(美元),总利润(美元)
498,橙子,26/06/2020,1217,1.09,0.61,1326.53,742.37,584.16
884,洋葱,16/11/2020,1215,4.19,1.01,5090.85,1227.15,3863.7
285,葡萄,18/04/2020,1212,2.54,1.85,3078.48,2242.2,836.28
380,葡萄,18/05/2020,1211,1.52,1.1,1840.72,1332.1,508.62
661,苹果,31/08/2020,1211,1.24,0.5,1501.64,605.5,896.14
657,土豆,30/08/2020,1210,1.24,0.4,1500.4,484,1016.4
42,苹果,20/01/2020,1209,1.09,0.79,1317.81,955.11,362.7
188,土豆,10/03/2020,1208,4.34,2.46,5242.72,2971.68,2271.04
256,西葫芦,07/04/2020,1208,2.54,1.02,3068.32,1232.16,1836.16
501,西葫芦,29/06/2020,1208,4.34,1.05,5242.72,1268.4,3974.32
169,胡萝卜,04/03/2020,1207,6.47,1.57,7809.29,1894.99,5914.3
660,苹果,31/08/2020,1207,0.9,0.51,1086.3,615.57,470.73
904,葡萄,24/11/2020,1207,0.9,0.21,1086.3,253.47,832.83
845,橙子,03/11/2020,1206,0.31,0.12,373.86,144.72,229.14
13,土豆,04/01/2020,1205,6.64,3.76,8001.2,4530.8,3470.4
79,土豆,01/02/2020,1203,1.09,0.79,1311.27,950.37,360.9
88,土豆,03/02/2020,1203,1.03,0.33,1239.09,396.99,842.1
777,土豆,11/10/2020,1202,1.52,0.49,1827.04,588.98,1238.06
189,橙子,10/03/2020,1201,6.47,3.14,7770.47,3771.14,3999.33
214,胡萝卜,20/03/2020,1200,4.34,2.81,5208,3372,1836
263,胡萝卜,09/04/2020,1198,6.64,0.53,7954.72,634.94,7319.78
595,葡萄,05/08/2020,1198,0.52,0.16,622.96,191.68,431.28
760,橙子,05/10/2020,1196,1.53,0.61,1829.88,729.56,1100.32
105,葡萄,09/02/2020,1194,6.64,3.76,7928.16,4489.44,3438.72
254,葡萄,06/04/2020,1194,1.09,0.61,1301.46,728.34,573.12
623,洋葱,16/08/2020,1193,0.31,0.05,369.83,59.65,310.18
928,洋葱,01/12/2020,1193,6.64,2.69,7921.52,3209.17,4712.35
754,西葫芦,04/10/2020,1192,0.69,0.22,822.48,262.24,560.24
287,洋葱,18/04/2020,1188,4.34,1.4,5155.92,1663.2,3492.72
466,西葫芦,17/06/2020,1188,0.52,0.33,617.76,392.04,225.72
543,葡萄,16/07/2020,1188,0.9,0.29,1069.2,344.52,724.68
389,苹果,20/05/2020,1183,0.9,0.29,1064.7,343.07,721.63
571,土豆,26/07/2020,1183,1.09,0.52,1289.47,615.16,674.31
964,西葫芦,18/12/2020,1182,0.69,0.27,815.58,319.14,496.44
995,西葫芦,30/12/2020,1182,2.05,1.16,2423.1,1371.12,1051.98
167,胡萝卜,03/03/2020,1179,6.47,3.14,7628.13,3702.06,3926.07
334,橙子,03/05/2020,1178,2.54,0.41,2992.12,482.98,2509.14
342,石榴,05/05/2020,1178,4.34,2.11,5112.52,2485.58,2626.94
782,西葫芦,13/10/2020,1178,1.45,0.47,1708.1,553.66,1154.44
429,洋葱,04/06/2020,1177,0.52,0.04,612.04,47.08,564.96
819,橙子,25/10/2020,1177,0.31,0.12,364.87,141.24,223.63
726,洋葱,23/09/2020,1175,1.53,0.61,1797.75,716.75,1081
985,石榴,26/12/2020,1172,4.19,0.67,4910.68,785.24,4125.44
390,西葫芦,21/05/2020,1170,4.34,3.16,5077.8,3697.2,1380.6
759,苹果,05/10/2020,1170,0.69,0.11,807.3,128.7,678.6
776,西葫芦,11/10/2020,1167,4.19,1.69,4889.73,1972.23,2917.5
926,苹果,01/12/2020,1166,0.73,0.47,851.18,548.02,303.16
449,土豆,12/06/2020,1165,4.19,1.01,4881.35,1176.65,3704.7
178,胡萝卜,07/03/2020,1163,1.53,0.12,1779.39,139.56,1639.83
778,橙子,12/10/2020,1161,6.47,4.19,7511.67,4864.59,2647.08
628,苹果,18/08/2020,1160,2.05,0.49,2378,568.4,1809.6
667,胡萝卜,02/09/2020,1160,6.47,2.62,7505.2,3039.2,4466
539,洋葱,14/07/2020,1157,6.64,0.53,7682.48,613.21,7069.27
560,石榴,20/07/2020,1156,1.11,0.8,1283.16,924.8,358.36
114,葡萄,13/02/2020,1151,0.69,0.16,794.19,184.16,610.03
830,橙子,28/10/2020,1147,0.69,0.39,791.43,447.33,344.1
520,苹果,07/07/2020,1146,1.53,1.11,1753.38,1272.06,481.32
201,葡萄,16/03/2020,1144,1.45,0.23,1658.8,263.12,1395.68
927,葡萄,01/12/2020,1144,0.69,0.44,789.36,503.36,286
337,西葫芦,04/05/2020,1142,4.34,2.81,4956.28,3209.02,1747.26
442,土豆,09/06/2020,1142,4.19,1.69,4784.98,1929.98,2855
952,洋葱,11/12/2020,1141,6.64,3.22,7576.24,3674.02,3902.22
670,胡萝卜,03/09/2020,1140,1.11,0.8,1265.4,912,353.4
723,洋葱,22/09/2020,1139,4.19,2.03,4772.41,2312.17,2460.24
607,土豆,08/08/2020,1137,4.19,0.67,4764.03,761.79,4002.24
652,西葫芦,28/08/2020,1137,4.19,3.05,4764.03,3467.85,1296.18
574,胡萝卜,27/07/2020,1133,6.47,3.67,7330.51,4158.11,3172.4
853,西葫芦,08/11/2020,1133,1.52,1.1,1722.16,1246.3,475.86
842,洋葱,01/11/2020,1132,6.64,4.3,7516.48,4867.6,2648.88
562,胡萝卜,20/07/2020,1131,2.05,1.32,2318.55,1492.92,825.63
849,土豆,07/11/2020,1129,2.54,1.02,2867.66,1151.58,1716.08
416,洋葱,29/05/2020,1127,1.24,0.2,1397.48,225.4,1172.08
576,橙子,27/07/2020,1126,1.09,0.35,1227.34,394.1,833.24
77,橙子,31/01/2020,1125,2.54,1.44,2857.5,1620,1237.5
451,胡萝卜,13/06/2020,1125,6.47,1.04,7278.75,1170,6108.75
718,苹果,19/09/2020,1122,6.64,0.53,7450.08,594.66,6855.42
139,葡萄,20/02/2020,1120,0.31,0.22,347.2,246.4,100.8
507,苹果,02/07/2020,1119,4.19,1.69,4688.61,1891.11,2797.5
533,葡萄,10/07/2020,1119,0.9,0.07,1007.1,78.33,928.77
735,苹果,27/09/2020,1117,1.03,0.66,1150.51,737.22,413.29
385,苹果,19/05/2020,1112,4.34,1.4,4826.08,1556.8,3269.28
953,苹果,12/12/2020,1112,6.64,1.07,7383.68,1189.84,6193.84
550,西葫芦,18/07/2020,1111,6.64,1.07,7377.04,1188.77,6188.27
96,西葫芦,05/02/2020,1110,1.53,0.99,1698.3,1098.9,599.4
806,西葫芦,20/10/2020,1109,2.05,1.16,2273.45,1286.44,987.01
97,土豆,05/02/2020,1107,1.09,0.79,1206.63,874.53,332.1
554,胡萝卜,19/07/2020,1107,1.09,0.17,1206.63,188.19,1018.44
837,苹果,30/10/2020,1103,6.47,0.52,7136.41,573.56,6562.85
156,橙子,27/02/2020,1102,2.05,1.16,2259.1,1278.32,980.78
672,胡萝卜,03/09/2020,1102,6.64,1.07,7317.28,1179.14,6138.14
123,石榴,16/02/2020,1101,4.19,2.03,4613.19,2235.03,2378.16
608,土豆,08/08/2020,1100,4.34,3.16,4774,3476,1298
92,橙子,04/02/2020,1098,4.34,0.35,4765.32,384.3,4381.02
311,洋葱,25/04/2020,1095,1.24,0.9,1357.8,985.5,372.3
987,胡萝卜,27/12/2020,1094,2.05,0.49,2242.7,536.06,1706.64
998,洋葱,01/01/2021,1094,6.64,4.84,7264.16,5294.96,1969.2
52,苹果,23/01/2020,1093,2.05,0.99,2240.65,1082.07,1158.58
640,石榴,23/08/2020,1093,4.34,0.7,4743.62,765.1,3978.52
208,葡萄,18/03/2020,1091,1.24,0.6,1352.84,654.6,698.24
873,西葫芦,13/11/2020,1090,0.9,0.36,981,392.4,588.6
832,西葫芦,29/10/2020,1089,6.64,2.69,7230.96,2929.41,4301.55
26,橙子,13/01/2020,1087,2.05,0.33,2228.35,358.71,1869.64
980,胡萝卜,24/12/2020,1087,1.52,0.86,1652.24,934.82,717.42
710,石榴,16/09/2020,1085,1.53,0.12,1660.05,130.2,1529.85
473,洋葱,21/06/2020,1084,0.9,0.65,975.6,704.6,271
902,橙子,23/11/2020,1084,2.54,1.02,2753.36,1105.68,1647.68
234,洋葱,27/03/2020,1083,6.47,1.04,7007.01,1126.32,5880.69
827,葡萄,28/10/2020,1083,4.19,1.35,4537.77,1462.05,3075.72
744,葡萄,29/09/2020,1081,6.47,3.67,6994.07,3967.27,3026.8
481,苹果,23/06/2020,1079,0.73,0.41,787.67,442.39,345.28
687,西葫芦,09/09/2020,1078,2.54,0.82,2738.12,883.96,1854.16
434,土豆,06/06/2020,1074,6.47,0.52,6948.78,558.48,6390.3
678,苹果,05/09/2020,1074,4.34,1.05,4661.16,1127.7,3533.46
685,苹果,08/09/2020,1071,2.54,0.41,2720.34,439.11,2281.23
898,洋葱,22/11/2020,1070,6.47,3.67,6922.9,3926.9,2996
455,胡萝卜,14/06/2020,1069,4.19,1.35,4479.11,1443.15,3035.96
857,橙子,09/11/2020,1069,1.52,0.49,1624.88,523.81,1101.07
329,西葫芦,01/05/2020,1068,1.24,0.7,1324.32,747.6,576.72
796,洋葱,17/10/2020,1068,0.69,0.33,736.92,352.44,384.48
81,葡萄,01/02/2020,1067,2.54,0.61,2710.18,650.87,2059.31
528,葡萄,09/07/2020,1067,1.11,0.08,1184.37,85.36,1099.01
791,石榴,16/10/2020,1067,6.64,4.3,7084.88,4588.1,2496.78
41,西葫芦,18/01/2020,1066,1.53,0.99,1630.98,1055.34,575.64
577,橙子,27/07/2020,1062,4.34,2.11,4609.08,2240.82,2368.26
551,土豆,18/07/2020,1061,1.45,0.94,1538.45,997.34,541.11
63,土豆,27/01/2020,1059,0.9,0.21,953.1,222.39,730.71
914,石榴,27/11/2020,1058,1.11,0.44,1174.38,465.52,708.86
200,洋葱,15/03/2020,1054,1.09,0.7,1148.86,737.8,411.06
216,橙子,21/03/2020,1051,6.64,1.61,6978.64,1692.11,5286.53
925,西葫芦,01/12/2020,1049,1.52,0.36,1594.48,377.64,1216.84
22,石榴,10/01/2020,1048,0.52,0.21,544.96,220.08,324.88
277,洋葱,16/04/2020,1048,1.09,0.17,1142.32,178.16,964.16
486,西葫芦,24/06/2020,1047,0.9,0.65,942.3,680.55,261.75
951,土豆,11/12/2020,1047,1.45,0.82,1518.15,858.54,659.61
973,石榴,21/12/2020,1047,2.54,1.64,2659.38,1717.08,942.3
135,西葫芦,19/02/2020,1046,2.05,0.49,2144.3,512.54,1631.76
297,葡萄,20/04/2020,1044,1.11,0.62,1158.84,647.28,511.56
905,石榴,24/11/2020,1043,2.54,1.23,2649.22,1282.89,1366.33
755,苹果,04/10/2020,1042,6.64,4.3,6918.88,4480.6,2438.28
523,胡萝卜,08/07/2020,1040,6.47,1.57,6728.8,1632.8,5096
530,苹果,10/07/2020,1039,4.34,1.75,4509.26,1818.25,2691.01
67,土豆,29/01/2020,1038,1.45,0.94,1505.1,975.72,529.38
826,苹果,27/10/2020,1037,1.52,1.1,1576.24,1140.7,435.54
668,石榴,02/09/2020,1036,2.54,0.41,2631.44,424.76,2206.68
39,葡萄,18/01/2020,1034,0.69,0.05,713.46,51.7,661.76
271,橙子,13/04/2020,1034,6.47,4.19,6689.98,4332.46,2357.52
57,西葫芦,25/01/2020,1032,1.53,0.99,1578.96,1021.68,557.28
461,洋葱,15/06/2020,1031,0.31,0.12,319.61,123.72,195.89
93,苹果,05/02/2020,1028,4.34,1.05,4461.52,1079.4,3382.12
107,洋葱,10/02/2020,1028,1.11,0.71,1141.08,729.88,411.2
580,苹果,28/07/2020,1026,6.47,4.19,6638.22,4298.94,2339.28
164,石榴,02/03/2020,1023,6.47,0.52,6618.81,531.96,6086.85
720,土豆,20/09/2020,1022,1.09,0.7,1113.98,715.4,398.58
362,土豆,11/05/2020,1021,4.34,1.75,4431.14,1786.75,2644.39
260,苹果,09/04/2020,1020,2.05,0.16,2091,163.2,1927.8
281,土豆,16/04/2020,1020,0.9,0.29,918,295.8,622.2
480,石榴,23/06/2020,1019,4.34,2.46,4422.46,2506.74,1915.72
493,橙子,26/06/2020,1019,1.52,0.36,1548.88,366.84,1182.04
617,西葫芦,12/08/2020,1018,1.53,0.49,1557.54,498.82,1058.72
54,苹果,24/01/2020,1016,2.05,0.83,2082.8,843.28,1239.52
230,洋葱,25/03/2020,1015,2.05,0.16,2080.75,162.4,1918.35
544,苹果,16/07/2020,1014,0.69,0.11,699.66,111.54,588.12
585,橙子,30/07/2020,1012,4.19,0.67,4240.28,678.04,3562.24
641,葡萄,24/08/2020,1012,1.53,0.49,1548.36,495.88,1052.48
3,西葫芦,02/01/2020,1011,1.53,0.12,1546.83,121.32,1425.51
730,土豆,24/09/2020,1011,2.05,0.49,2072.55,495.39,1577.16
833,石榴,29/10/2020,1011,4.34,1.05,4387.74,1061.55,3326.19
102,西葫芦,07/02/2020,1010,1.03,0.33,1040.3,333.3,707
172,石榴,04/03/2020,1009,6.47,4.71,6528.23,4752.39,1775.84
702,土豆,13/09/2020,1008,1.52,1.1,1532.16,1108.8,423.36
986,洋葱,26/12/2020,1008,1.11,0.8,1118.88,806.4,312.48
309,橙子,23/04/2020,1007,4.34,1.75,4370.38,1762.25,2608.13
843,胡萝卜,02/11/2020,1007,1.45,0.82,1460.15,825.74,634.41
316,洋葱,26/04/2020,1005,1.03,0.5,1035.15,502.5,532.65
411,西葫芦,28/05/2020,1005,0.73,0.17,733.65,170.85,562.8
885,胡萝卜,16/11/2020,1005,1.24,0.1,1246.2,100.5,1145.7
515,西葫芦,05/07/2020,1004,0.52,0.21,522.08,210.84,311.24
681,石榴,05/09/2020,1002,1.09,0.35,1092.18,350.7,741.48
622,苹果,15/08/2020,1001,1.52,0.86,1521.52,860.86,660.66
408,西葫芦,26/05/2020,998,4.34,0.7,4331.32,698.6,3632.72
447,橙子,12/06/2020,998,2.54,1.23,2534.92,1227.54,1307.38
218,石榴,24/03/2020,997,4.19,0.67,4177.43,667.99,3509.44
856,西葫芦,09/11/2020,996,6.47,3.14,6444.12,3127.44,3316.68
871,土豆,12/11/2020,995,1.45,0.94,1442.75,935.3,507.45
353,橙子,09/05/2020,993,0.69,0.22,685.17,218.46,466.71
594,葡萄,04/08/2020,992,4.19,1.69,4156.48,1676.48,2480
869,土豆,12/11/2020,992,2.05,1.16,2033.6,1150.72,882.88
435,西葫芦,07/06/2020,990,4.19,1.69,4148.1,1673.1,2475
420,西葫芦,31/05/2020,989,6.47,1.04,6398.83,1028.56,5370.27
798,土豆,18/10/2020,989,4.34,2.11,4292.26,2086.79,2205.47
210,土豆,19/03/2020,986,2.54,0.41,2504.44,404.26,2100.18
739,石榴,28/09/2020,984,4.19,1.01,4122.96,993.84,3129.12
433,胡萝卜,05/06/2020,982,1.53,0.99,1502.46,972.18,530.28
134,土豆,18/02/2020,980,4.34,1.4,4253.2,1372,2881.2
604,胡萝卜,07/08/2020,980,4.19,0.67,4106.2,656.6,3449.6
662,土豆,01/09/2020,980,2.54,1.02,2489.2,999.6,1489.6
810,胡萝卜,20/10/2020,980,1.52,0.98,1489.6,960.4,529.2
835,胡萝卜,29/10/2020,979,1.52,0.36,1488.08,352.44,1135.64
514,葡萄,05/07/2020,976,1.45,0.82,1415.2,800.32,614.88
697,土豆,10/09/2020,976,6.64,1.61,6480.64,1571.36,4909.28
194,苹果,14/03/2020,975,1.53,0.61,1491.75,594.75,897
237,土豆,30/03/2020,975,1.24,0.4,1209,390,819
900,葡萄,23/11/2020,975,6.64,2.69,6474,2622.75,3851.25
982,葡萄,24/12/2020,975,2.54,1.44,2476.5,1404,1072.5
824,土豆,27/10/2020,974,1.53,0.24,1490.22,233.76,1256.46
684,葡萄,06/09/2020,972,6.47,4.71,6288.84,4578.12,1710.72
889,石榴,18/11/2020,971,4.34,1.4,4214.14,1359.4,2854.74
322,橙子,27/04/2020,970,0.31,0.1,300.7,97,203.7
646,洋葱,26/08/2020,969,2.54,1.44,2461.26,1395.36,1065.9
275,苹果,15/04/2020,968,1.53,0.86,1481.04,832.48,648.56
280,西葫芦,16/04/2020,967,0.9,0.43,870.3,415.81,454.49
192,西葫芦,13/03/2020,966,0.31,0.17,299.46,164.22,135.24
305,苹果,21/04/2020,966,1.52,0.86,1468.32,830.76,637.56
394,苹果,22/05/2020,966,2.54,0.61,2453.64,589.26,1864.38
148,西葫芦,24/02/2020,964,1.45,0.58,1397.8,559.12,838.68
977,橙子,23/12/2020,964,6.64,4.3,6400.96,4145.2,2255.76
413,橙子,29/05/2020,963,1.52,0.49,1463.76,471.87,991.89
414,西葫芦,29/05/2020,963,1.45,0.23,1396.35,221.49,1174.86
185,石榴,10/03/2020,962,2.05,0.49,1972.1,471.38,1500.72
861,橙子,10/11/2020,961,1.53,0.24,1470.33,230.64,1239.69
788,苹果,14/10/2020,960,1.09,0.52,1046.4,499.2,547.2
245,西葫芦,03/04/2020,959,1.52,0.12,1457.68,115.08,1342.6
419,胡萝卜,31/05/2020,959,4.34,1.05,4162.06,1006.95,3155.11
971,洋葱,20/12/2020,957,4.19,2.37,4009.83,2268.09,1741.74
694,橙子,10/09/2020,954,0.52,0.08,496.08,76.32,419.76
823,石榴,27/10/2020,954,6.47,2.09,6172.38,1993.86,4178.52
922,洋葱,29/11/2020,954,4.34,1.75,4140.36,1669.5,2470.86
150,胡萝卜,25/02/2020,952,1.24,0.1,1180.48,95.2,1085.28
831,洋葱,28/10/2020,952,1.52,0.61,1447.04,580.72,866.32
398,胡萝卜,23/05/2020,946,0.52,0.12,491.92,113.52,378.4
153,橙子,26/02/2020,944,4.19,2.03,3955.36,1916.32,2039.04
918,石榴,28/11/2020,941,1.53,0.49,1439.73,461.09,978.64
487,苹果,24/06/2020,940,4.19,1.35,3938.6,1269,2669.6
527,土豆,09/07/2020,939,1.53,0.86,1436.67,807.54,629.13
955,葡萄,13/12/2020,939,2.54,1.44,2385.06,1352.16,1032.9
588,胡萝卜,01/08/2020,936,0.73,0.05,683.28,46.8,636.48
647,石榴,26/08/2020,936,1.52,0.12,1422.72,112.32,1310.4
841,葡萄,01/11/2020,935,4.34,1.4,4057.9,1309,2748.9
974,苹果,21/12/2020,934,1.11,0.44,1036.74,410.96,625.78
18,洋葱,06/01/2020,933,1.52,0.36,1418.16,335.88,1082.28
495,橙子,26/06/2020,933,4.34,1.05,4049.22,979.65,3069.57
231,西葫芦,26/03/2020,932,2.05,1.49,1910.6,1388.68,521.92
166,葡萄,03/03/2020,929,2.54,1.64,2359.66,1523.56,836.1
892,洋葱,19/11/2020,928,0.31,0.07,287.68,64.96,222.72
612,苹果,10/08/2020,925,1.45,0.11,1341.25,101.75,1239.5
799,土豆,19/10/2020,923,6.64,1.61,6128.72,1486.03,4642.69
981,橙子,24/12/2020,921,2.54,0.82,2339.34,755.22,1584.12
82,土豆,02/02/2020,920,1.24,0.5,1140.8,460,680.8
44,橙子,21/01/2020,918,1.03,0.25,945.54,229.5,716.04
603,胡萝卜,07/08/2020,918,2.05,0.99,1881.9,908.82,973.08
387,石榴,20/05/2020,917,1.24,0.5,1137.08,458.5,678.58
460,苹果,15/06/2020,917,1.52,1.1,1393.84,1008.7,385.14
651,胡萝卜,28/08/2020,916,2.54,0.82,2326.64,751.12,1575.52
294,胡萝卜,19/04/2020,913,6.47,0.52,5907.11,474.76,5432.35
582,洋葱,29/07/2020,913,0.69,0.11,629.97,100.43,529.54
611,石榴,08/08/2020,913,6.47,4.19,5907.11,3825.47,2081.64
247,西葫芦,04/04/2020,912,1.09,0.79,994.08,720.48,273.6
122,葡萄,15/02/2020,911,6.64,3.22,6049.04,2933.42,3115.62
395,石榴,22/05/2020,911,2.54,1.85,2313.94,1685.35,628.59
655,胡萝卜,29/08/2020,911,4.19,0.33,3817.09,300.63,3516.46
692,土豆,10/09/2020,910,1.53,0.74,1392.3,673.4,718.9
713,土豆,17/09/2020,905,4.19,0.67,3791.95,606.35,3185.6
575,石榴,27/07/2020,904,1.09,0.26,985.36,235.04,750.32
110,西葫芦,11/02/2020,903,1.53,0.99,1381.59,893.97,487.62
286,苹果,18/04/2020,902,6.64,2.15,5989.28,1939.3,4049.98
524,土豆,08/07/2020,902,6.47,4.19,5835.94,3779.38,2056.56
28,苹果,15/01/2020,901,1.09,0.79,982.09,711.79,270.3
912,橙子,27/11/2020,900,6.47,3.67,5823,3303,2520
949,西葫芦,10/12/2020,899,4.34,3.16,3901.66,2840.84,1060.82
691,胡萝卜,10/09/2020,898,1.52,0.24,1364.96,215.52,1149.44
712,葡萄,16/09/2020,897,1.52,0.73,1363.44,654.81,708.63
816,橙子,24/10/2020,896,2.54,1.44,2275.84,1290.24,985.6
206,西葫芦,17/03/2020,895,6.47,1.57,5790.65,1405.15,4385.5
227,西葫芦,25/03/2020,894,4.34,0.7,3879.96,625.8,3254.16
790,洋葱,15/10/2020,894,1.09,0.7,974.46,625.8,348.66
644,石榴,25/08/2020,893,0.52,0.08,464.36,71.44,392.92
38,西葫芦,18/01/2020,892,0.31,0.2,276.52,178.4,98.12
736,葡萄,28/09/2020,888,1.09,0.7,967.92,621.6,346.32
241,橙子,02/04/2020,886,1.53,0.12,1355.58,106.32,1249.26
202,洋葱,16/03/2020,884,0.73,0.05,645.32,44.2,601.12
255,西葫芦,07/04/2020,881,1.09,0.44,960.29,387.64,572.65
376,葡萄,17/05/2020,880,1.03,0.08,906.4,70.4,836
474,西葫芦,21/06/2020,880,1.52,0.24,1337.6,211.2,1126.4
818,苹果,24/10/2020,879,1.53,0.99,1344.87,870.21,474.66
35,洋葱,17/01/2020,877,6.64,4.84,5823.28,4244.68,1578.6
373,葡萄,15/05/2020,877,1.11,0.62,973.47,543.74,429.73
443,葡萄,10/06/2020,876,2.54,1.23,2225.04,1077.48,1147.56
485,葡萄,24/06/2020,876,1.03,0.66,902.28,578.16,324.12
15,石榴,05/01/2020,872,0.9,0.43,784.8,374.96,409.84
448,土豆,12/06/2020,871,4.19,1.35,3649.49,1175.85,2473.64
162,洋葱,02/03/2020,870,2.05,0.49,1783.5,426.3,1357.2
947,橙子,09/12/2020,870,6.47,1.57,5628.9,1365.9,4263
296,土豆,20/04/2020,867,0.73,0.47,632.91,407.49,225.42
548,土豆,17/07/2020,866,0.69,0.11,597.54,95.26,502.28
586,胡萝卜,30/07/2020,866,4.19,3.05,3628.54,2641.3,987.24
804,胡萝卜,19/10/2020,866,1.03,0.5,891.98,433,458.98
49,洋葱,22/01/2020,865,2.05,1.49,1773.25,1288.85,484.4
468,西葫芦,18/06/2020,863,2.54,1.02,2192.02,880.26,1311.76
637,石榴,20/08/2020,863,1.45,0.23,1251.35,198.49,1052.86
840,葡萄,31/10/2020,863,4.34,2.11,3745.42,1820.93,1924.49
934,苹果,05/12/2020,862,2.05,0.33,1767.1,284.46,1482.64
940,橙子,05/12/2020,862,4.19,3.05,3611.78,2629.1,982.68
145,橙子,22/02/2020,861,1.53,0.86,1317.33,740.46,576.87
734,葡萄,27/09/2020,861,2.05,0.99,1765.05,852.39,912.66
786,土豆,13/10/2020,860,6.64,2.15,5710.4,1849,3861.4
724,石榴,22/09/2020,859,2.05,0.49,1760.95,420.91,1340.04
631,洋葱,18/08/2020,858,4.34,1.75,3723.72,1501.5,2222.22
4,石榴,02/01/2020,857,2.54,1.64,2176.78,1405.48,771.3
365,橙子,12/05/2020,856,1.53,0.12,1309.68,102.72,1206.96
563,土豆,22/07/2020,855,1.53,0.37,1308.15,316.35,991.8
176,西葫芦,06/03/2020,854,4.34,2.81,3706.36,2399.74,1306.62
58,西葫芦,25/01/2020,853,2.54,0.2,2166.62,170.6,1996.02
131,西葫芦,18/02/2020,852,6.47,3.67,5512.44,3126.84,2385.6
410,葡萄,28/05/2020,850,2.54,0.61,2159,518.5,1640.5
10,洋葱,03/01/2020,849,1.53,0.12,1298.97,101.88,1197.09
439,西葫芦,08/06/2020,844,2.05,1.32,1730.2,1114.08,616.12
140,洋葱,21/02/2020,843,1.03,0.33,868.29,278.19,590.1
907,洋葱,24/11/2020,843,1.53,0.61,1289.79,514.23,775.56
801,石榴,19/10/2020,842,1.53,1.11,1288.26,934.62,353.64
60,苹果,26/01/2020,840,1.11,0.62,932.4,520.8,411.6
494,石榴,26/06/2020,840,0.73,0.05,613.2,42,571.2
268,土豆,12/04/2020,839,6.47,2.62,5428.33,2198.18,3230.15
864,土豆,11/11/2020,838,6.47,0.52,5421.86,435.76,4986.1
966,西葫芦,18/12/2020,837,6.64,1.61,5557.68,1347.57,4210.11
999,葡萄,01/01/2021,837,4.34,0.35,3632.58,292.95,3339.63
292,西葫芦,19/04/2020,834,1.52,0.36,1267.68,300.24,967.44
293,苹果,19/04/2020,834,1.45,0.35,1209.3,291.9,917.4
756,橙子,04/10/2020,834,2.05,0.99,1709.7,825.66,884.04
65,胡萝卜,28/01/2020,833,1.11,0.71,924.63,591.43,333.2
381,橙子,18/05/2020,833,1.53,0.24,1274.49,199.92,1074.57
852,胡萝卜,08/11/2020,833,4.19,2.71,3490.27,2257.43,1232.84
46,土豆,21/01/2020,831,1.09,0.17,905.79,141.27,764.52
160,洋葱,02/03/2020,828,0.73,0.35,604.44,289.8,314.64
731,石榴,24/09/2020,828,4.19,1.35,3469.32,1117.8,2351.52
396,西葫芦,22/05/2020,825,6.64,1.61,5478,1328.25,4149.75
479,土豆,22/06/2020,825,1.11,0.26,915.75,214.5,701.25
676,橙子,05/09/2020,824,1.09,0.35,898.16,288.4,609.76
707,葡萄,15/09/2020,824,1.45,0.35,1194.8,288.4,906.4
909,西葫芦,26/11/2020,821,6.47,2.62,5311.87,2151.02,3160.85
572,石榴,26/07/2020,820,2.05,0.83,1681,680.6,1000.4
476,洋葱,21/06/2020,818,2.05,0.16,1676.9,130.88,1546.02
817,石榴,24/10/2020,818,1.09,0.44,891.62,359.92,531.7
407,西葫芦,26/05/2020,817,1.53,0.86,1250.01,702.62,547.39
552,葡萄,18/07/2020,816,0.52,0.04,424.32,32.64,391.68
887,土豆,17/11/2020,816,1.53,0.99,1248.48,807.84,440.64
203,橙子,16/03/2020,814,1.03,0.08,838.42,65.12,773.3
336,土豆,04/05/2020,810,1.52,0.86,1231.2,696.6,534.6
802,苹果,19/10/2020,810,4.19,0.67,3393.9,542.7,2851.2
428,胡萝卜,04/06/2020,808,1.52,0.73,1228.16,589.84,638.32
643,洋葱,24/08/2020,805,1.03,0.08,829.15,64.4,764.75
943,胡萝卜,06/12/2020,805,2.54,0.61,2044.7,491.05,1553.65
531,土豆,10/07/2020,803,1.11,0.62,891.33,497.86,393.47
157,西葫芦,28/02/2020,802,1.52,0.73,1219.04,585.46,633.58
958,葡萄,15/12/2020,801,2.05,0.66,1642.05,528.66,1113.39
261,苹果,09/04/2020,800,0.52,0.33,416,264,152
288,苹果,18/04/2020,800,4.19,0.33,3352,264,3088
295,橙子,19/04/2020,800,1.09,0.7,872,560,312
421,西葫芦,31/05/2020,798,4.19,1.69,3343.62,1348.62,1995
714,西葫芦,17/09/2020,797,1.45,0.58,1155.65,462.26,693.39
368,西葫芦,13/05/2020,794,1.52,0.49,1206.88,389.06,817.82
66,橙子,28/01/2020,793,0.9,0.29,713.7,229.97,483.73
534,苹果,11/07/2020,787,1.53,0.24,1204.11,188.88,1015.23
897,胡萝卜,21/11/2020,787,1.09,0.52,857.83,409.24,448.59
141,苹果,21/02/2020,785,6.64,4.84,5212.4,3799.4,1413
546,苹果,16/07/2020,785,1.53,0.74,1201.05,580.9,620.15
741,洋葱,28/09/2020,784,1.09,0.44,854.56,344.96,509.6
606,石榴,07/08/2020,783,0.31,0.17,242.73,133.11,109.62
346,土豆,07/05/2020,782,6.47,3.14,5059.54,2455.48,2604.06
665,胡萝卜,02/09/2020,781,4.19,1.01,3272.39,788.81,2483.58
181,胡萝卜,09/03/2020,780,2.54,1.64,1981.2,1279.2,702
453,土豆,13/06/2020,780,4.34,1.4,3385.2,1092,2293.2
996,葡萄,31/12/2020,780,1.52,0.73,1185.6,569.4,616.2
74,葡萄,30/01/2020,779,1.52,0.36,1184.08,280.44,903.64
513,橙子,04/07/2020,779,1.52,1.1,1184.08,856.9,327.18
673,胡萝卜,03/09/2020,778,6.47,0.52,5033.66,404.56,4629.1
184,橙子,10/03/2020,777,4.34,2.11,3372.18,1639.47,1732.71
45,西葫芦,21/01/2020,776,1.03,0.5,799.28,388,411.28
555,橙子,19/07/2020,774,0.31,0.05,239.94,38.7,201.24
815,土豆,24/10/2020,772,2.54,0.2,1960.88,154.4,1806.48
954,胡萝卜,13/12/2020,772,4.34,2.81,3350.48,2169.32,1181.16
975,西葫芦,21/12/2020,772,1.45,0.23,1119.4,177.56,941.84
988,土豆,28/12/2020,771,2.54,0.41,1958.34,316.11,1642.23
127,苹果,17/02/2020,769,1.09,0.52,838.21,399.88,438.33
477,洋葱,21/06/2020,768,2.54,1.23,1950.72,944.64,1006.08
340,苹果,05/05/2020,766,4.34,0.35,3324.44,268.1,3056.34
378,石榴,17/05/2020,766,1.11,0.62,850.26,474.92,375.34
994,胡萝卜,30/12/2020,766,4.19,1.35,3209.54,1034.1,2175.44
2,洋葱,01/01/2020,765,1.52,0.61,1162.8,466.65,696.15
191,苹果,12/03/2020,765,6.47,1.04,4949.55,795.6,4153.95
821,洋葱,26/10/2020,765,6.47,3.14,4949.55,2402.1,2547.45
963,洋葱,18/12/2020,765,2.05,0.49,1568.25,374.85,1193.4
229,石榴,25/03/2020,762,4.19,2.03,3192.78,1546.86,1645.92
83,橙子,02/02/2020,761,1.09,0.35,829.49,266.35,563.14
84,胡萝卜,02/02/2020,761,0.69,0.44,525.09,334.84,190.25
536,苹果,12/07/2020,761,1.53,0.99,1164.33,753.39,410.94
910,洋葱,26/11/2020,761,0.9,0.58,684.9,441.38,243.52
366,胡萝卜,13/05/2020,760,2.05,0.49,1558,372.4,1185.6
630,土豆,18/08/2020,760,6.47,0.52,4917.2,395.2,4522
936,石榴,05/12/2020,760,2.54,1.44,1930.4,1094.4,836
315,葡萄,26/04/2020,758,0.31,0.17,234.98,128.86,106.12
438,葡萄,07/06/2020,758,1.03,0.33,780.74,250.14,530.6
679,土豆,05/09/2020,754,6.47,1.04,4878.38,784.16,4094.22
120,石榴,14/02/2020,753,1.45,1.05,1091.85,790.65,301.2
207,胡萝卜,17/03/2020,752,1.03,0.41,774.56,308.32,466.24
264,西葫芦,10/04/2020,751,6.47,4.19,4858.97,3146.69,1712.28
78,西葫芦,01/02/2020,750,1.53,0.61,1147.5,457.5,690
151,西葫芦,25/02/2020,749,1.53,1.11,1145.97,831.39,314.58
317,橙子,26/04/2020,747,4.19,0.33,3129.93,246.51,2883.42
886,土豆,17/11/2020,744,6.64,3.76,4940.16,2797.44,2142.72
894,石榴,19/11/2020,744,2.05,0.83,1525.2,617.52,907.68
600,石榴,06/08/2020,743,1.53,0.37,1136.79,274.91,861.88
881,苹果,16/11/2020,743,1.24,0.1,921.32,74.3,847.02
913,胡萝卜,27/11/2020,742,4.19,1.69,3108.98,1253.98,1855
70,西葫芦,29/01/2020,740,1.45,0.47,1073,347.8,725.2
557,石榴,19/07/2020,739,1.45,0.23,1071.55,169.97,901.58
349,土豆,08/05/2020,738,4.19,2.03,3092.22,1498.14,1594.08
638,葡萄,21/08/2020,737,1.52,0.36,1120.24,265.32,854.92
738,土豆,28/09/2020,737,4.19,1.69,3088.03,1245.53,1842.5
55,胡萝卜,24/01/2020,736,1.52,0.98,1118.72,721.28,397.44
71,洋葱,29/01/2020,736,1.45,0.23,1067.2,169.28,897.92
535,西葫芦,11/07/2020,736,1.53,0.86,1126.08,632.96,493.12
357,葡萄,10/05/2020,735,2.54,1.85,1866.9,1359.75,507.15
757,石榴,04/10/2020,734,4.34,0.7,3185.56,513.8,2671.76
133,橙子,18/02/2020,732,4.19,3.05,3067.08,2232.6,834.48
40,石榴,18/01/2020,731,2.54,1.23,1856.74,899.13,957.61
559,胡萝卜,19/07/2020,729,6.64,1.07,4840.56,780.03,4060.53
490,橙子,25/06/2020,726,1.09,0.79,791.34,573.54,217.8
800,石榴,19/10/2020,726,2.05,0.83,1488.3,602.58,885.72
867,橙子,11/11/2020,725,1.09,0.17,790.25,123.25,667
502,土豆,30/06/2020,724,2.54,1.85,1838.96,1339.4,499.56
98,石榴,06/02/2020,723,4.34,1.4,3137.82,1012.2,2125.62
669,苹果,02/09/2020,722,1.09,0.26,786.98,187.72,599.26
409,苹果,27/05/2020,721,1.09,0.26,785.89,187.46,598.43
615,洋葱,10/08/2020,718,6.47,0.52,4645.46,373.36,4272.1
236,胡萝卜,28/03/2020,716,1.52,1.1,1088.32,787.6,300.72
17,胡萝卜,06/01/2020,714,1.09,0.7,778.26,499.8,278.46
445,西葫芦,10/06/2020,714,1.09,0.08,778.26,57.12,721.14
931,橙子,03/12/2020,713,0.69,0.5,491.97,356.5,135.47
812,苹果,22/10/2020,712,2.05,1.32,1459.6,939.84,519.76
510,胡萝卜,04/07/2020,711,2.54,0.82,1805.94,583.02,1222.92
895,橙子,19/11/2020,711,1.09,0.26,774.99,184.86,590.13
283,西葫芦,17/04/2020,710,0.52,0.33,369.2,234.3,134.9
711,葡萄,16/09/2020,710,2.05,0.49,1455.5,347.9,1107.6
31,橙子,17/01/2020,707,1.53,0.86,1081.71,608.02,473.69
165,胡萝卜,03/03/2020,706,6.64,3.22,4687.84,2273.32,2414.52
743,石榴,29/09/2020,702,2.54,0.82,1783.08,575.64,1207.44
779,西葫芦,12/10/2020,702,2.54,0.61,1783.08,428.22,1354.86
960,苹果,16/12/2020,702,6.47,3.14,4541.94,2204.28,2337.66
252,苹果,05/04/2020,700,1.24,0.1,868,70,798
405,西葫芦,25/05/2020,699,6.64,2.69,4641.36,1880.31,2761.05
302,葡萄,20/04/2020,693,6.47,0.52,4483.71,360.36,4123.35
807,苹果,20/10/2020,693,2.54,0.61,1760.22,422.73,1337.49
529,葡萄,10/07/2020,690,2.54,1.23,1752.6,848.7,903.9
648,橙子,27/08/2020,690,6.47,2.09,4464.3,1442.1,3022.2
80,胡萝卜,01/02/2020,689,1.53,0.86,1054.17,592.54,461.63
226,洋葱,25/03/2020,687,0.31,0.15,212.97,103.05,109.92
248,苹果,04/04/2020,686,4.19,0.33,2874.34,226.38,2647.96
318,橙子,26/04/2020,686,1.45,0.58,994.7,397.88,596.82
400,葡萄,24/05/2020,685,1.09,0.08,746.65,54.8,691.85
412,西葫芦,29/05/2020,685,2.54,1.02,1739.9,698.7,1041.2
599,胡萝卜,05/08/2020,685,1.53,0.12,1048.05,82.2,965.85
195,橙子,14/03/2020,684,1.53,0.24,1046.52,164.16,882.36
547,西葫芦,17/07/2020,684,1.52,1.1,1039.68,752.4,287.28
700,洋葱,12/09/2020,682,1.53,1.11,1043.46,757.02,286.44
930,洋葱,02/12/2020,682,1.09,0.7,743.38,477.4,265.98
459,苹果,15/06/2020,681,6.64,0.53,4521.84,360.93,4160.91
50,洋葱,22/01/2020,680,1.52,0.49,1033.6,333.2,700.4
75,西葫芦,30/01/2020,680,1.11,0.35,754.8,238,516.8
183,土豆,09/03/2020,676,1.24,0.9,838.24,608.4,229.84
56,洋葱,25/01/2020,675,1.52,0.24,1026,162,864
632,石榴,18/08/2020,674,1.09,0.52,734.66,350.48,384.18
690,葡萄,09/09/2020,673,0.31,0.17,208.63,114.41,94.22
290,石榴,19/04/2020,672,6.47,3.14,4347.84,2110.08,2237.76
540,土豆,14/07/2020,672,1.52,0.24,1021.44,161.28,860.16
388,苹果,20/05/2020,671,1.53,0.24,1026.63,161.04,865.59
674,葡萄,04/09/2020,670,0.31,0.12,207.7,80.4,127.3
187,土豆,10/03/2020,669,1.45,1.05,970.05,702.45,267.6
737,土豆,28/09/2020,669,6.47,3.14,4328.43,2100.66,2227.77
491,苹果,25/06/2020,667,0.69,0.33,460.23,220.11,240.12
43,橙子,20/01/2020,665,1.52,0.73,1010.8,485.45,525.35
350,葡萄,08/05/2020,665,1.52,0.36,1010.8,239.4,771.4
521,西葫芦,07/07/2020,664,1.52,1.1,1009.28,730.4,278.88
862,苹果,10/11/2020,663,6.64,4.3,4402.32,2850.9,1551.42
444,西葫芦,10/06/2020,661,1.53,1.11,1011.33,733.71,277.62
213,胡萝卜,20/03/2020,660,1.52,0.49,1003.2,323.4,679.8
492,苹果,26/06/2020,660,6.64,4.84,4382.4,3194.4,1188
68,橙子,29/01/2020,659,2.05,1.16,1350.95,764.44,586.51
875,土豆,14/11/2020,658,0.9,0.43,592.2,282.94,309.26
358,胡萝卜,10/05/2020,656,1.09,0.52,715.04,341.12,373.92
642,苹果,24/08/2020,656,6.47,1.04,4244.32,682.24,3562.08
375,洋葱,16/05/2020,655,2.05,0.16,1342.75,104.8,1237.95
465,橙子,16/06/2020,654,4.34,0.35,2838.36,228.9,2609.46
440,橙子,08/06/2020,649,1.09,0.35,707.41,227.15,480.26
276,胡萝卜,16/04/2020,648,4.19,1.35,2715.12,874.8,1840.32
729,葡萄,24/09/2020,648,4.34,1.05,2812.32,680.4,2131.92
475,土豆,21/06/2020,646,6.64,4.84,4289.44,3126.64,1162.8
152,苹果,26/02/2020,641,6.47,0.52,4147.27,333.32,3813.95
457,土豆,14/06/2020,639,0.52,0.12,332.28,76.68,255.6
654,葡萄,29/08/2020,636,0.9,0.21,572.4,133.56,438.84
616,石榴,12/08/2020,631,4.19,0.33,2643.89,208.23,2435.66
906,葡萄,24/11/2020,631,2.54,1.02,1602.74,643.62,959.12
854,西葫芦,08/11/2020,627,2.05,0.99,1285.35,620.73,664.62
324,土豆,27/04/2020,625,2.05,0.16,1281.25,100,1181.25
118,橙子,14/02/2020,623,4.34,2.81,2703.82,1750.63,953.19
705,葡萄,15/09/2020,621,1.11,0.53,689.31,329.13,360.18
764,苹果,07/10/2020,621,1.53,0.99,950.13,614.79,335.34
878,苹果,15/11/2020,620,4.19,2.71,2597.8,1680.2,917.6
948,西葫芦,10/12/2020,620,1.11,0.62,688.2,384.4,303.8
7,苹果,03/01/2020,613,1.52,0.24,931.76,147.12,784.64
104,洋葱,09/02/2020,610,2.54,1.02,1549.4,622.2,927.2
341,胡萝卜,05/05/2020,609,1.45,0.58,883.05,353.22,529.83
696,苹果,10/09/2020,608,1.09,0.35,662.72,212.8,449.92
238,葡萄,30/03/2020,606,6.64,1.61,4023.84,975.66,3048.18
703,葡萄,14/09/2020,606,0.73,0.29,442.38,175.74,266.64
382,胡萝卜,19/05/2020,604,2.05,1.32,1238.2,797.28,440.92
682,橙子,06/09/2020,604,2.54,1.64,1534.16,990.56,543.6
377,苹果,17/05/2020,602,1.09,0.35,656.18,210.7,445.48
250,石榴,04/04/2020,600,4.34,1.75,2604,1050,1554
839,土豆,31/10/2020,600,2.05,0.33,1230,198,1032
224,苹果,25/03/2020,598,1.24,0.2,741.52,119.6,621.92
454,石榴,13/06/2020,598,1.11,0.8,663.78,478.4,185.38
19,土豆,07/01/2020,596,6.47,1.57,3856.12,935.72,2920.4
217,胡萝卜,21/03/2020,595,0.52,0.37,309.4,220.15,89.25
257,土豆,08/04/2020,595,6.47,2.09,3849.65,1243.55,2606.1
610,葡萄,08/08/2020,593,6.64,1.61,3937.52,954.73,2982.79
891,苹果,18/11/2020,592,4.34,0.7,2569.28,414.4,2154.88
262,土豆,09/04/2020,590,6.64,3.76,3917.6,2218.4,1699.2
269,葡萄,12/04/2020,588,1.09,0.26,640.92,152.88,488.04
581,橙子,28/07/2020,588,1.53,0.61,899.64,358.68,540.96
136,橙子,19/02/2020,587,2.54,0.61,1490.98,358.07,1132.91
325,石榴,28/04/2020,587,1.09,0.35,639.83,205.45,434.38
783,西葫芦,13/10/2020,587,0.73,0.05,428.51,29.35,399.16
847,石榴,04/11/2020,587,4.19,2.37,2459.53,1391.19,1068.34
626,橙子,17/08/2020,586,0.9,0.58,527.4,339.88,187.52
209,胡萝卜,18/03/2020,585,6.64,2.69,3884.4,1573.65,2310.75
564,洋葱,23/07/2020,585,2.54,0.82,1485.9,479.7,1006.2
625,土豆,16/08/2020,584,1.52,0.12,887.68,70.08,817.6
805,土豆,20/10/2020,584,1.53,0.74,893.52,432.16,461.36
850,西葫芦,07/11/2020,580,1.45,0.94,841,545.2,295.8
402,苹果,25/05/2020,579,1.52,0.86,880.08,497.94,382.14
784,土豆,13/10/2020,577,4.19,2.37,2417.63,1367.49,1050.14
865,石榴,11/11/2020,577,1.24,0.7,715.48,403.9,311.58
441,胡萝卜,08/06/2020,576,6.47,3.67,3726.72,2113.92,1612.8
180,苹果,08/03/2020,574,1.53,0.61,878.22,350.14,528.08
223,石榴,24/03/2020,574,4.34,2.81,2491.16,1612.94,878.22
568,胡萝卜,25/07/2020,573,0.73,0.05,418.29,28.65,389.64
347,胡萝卜,07/05/2020,572,1.53,0.74,875.16,423.28,451.88
356,葡萄,10/05/2020,570,1.52,0.12,866.4,68.4,798
688,石榴,09/09/2020,569,6.64,2.15,3778.16,1223.35,2554.81
437,西葫芦,07/06/2020,568,1.52,0.24,863.36,136.32,727.04
517,石榴,06/07/2020,568,1.53,0.49,869.04,278.32,590.72
978,洋葱,23/12/2020,567,1.09,0.44,618.03,249.48,368.55
246,石榴,04/04/2020,565,0.73,0.23,412.45,129.95,282.5
591,土豆,02/08/2020,565,2.05,0.49,1158.25,276.85,881.4
89,土豆,03/02/2020,561,1.53,0.86,858.33,482.46,375.87
636,苹果,20/08/2020,559,2.54,1.23,1419.86,687.57,732.29
748,石榴,01/10/2020,557,0.69,0.44,384.33,245.08,139.25
450,土豆,12/06/2020,555,0.69,0.33,382.95,183.15,199.8
570,葡萄,25/07/2020,554,0.52,0.33,288.08,182.82,105.26
803,葡萄,19/10/2020,554,1.11,0.26,614.94,144.04,470.9
659,胡萝卜,30/08/2020,552,2.05,1.32,1131.6,728.64,402.96
838,西葫芦,30/10/2020,549,1.52,0.73,834.48,400.77,433.71
95,西葫芦,05/02/2020,548,2.54,1.02,1391.92,558.96,832.96
635,土豆,19/08/2020,546,1.03,0.33,562.38,180.18,382.2
919,洋葱,28/11/2020,546,4.34,2.81,2369.64,1534.26,835.38
144,橙子,22/02/2020,542,2.54,0.61,1376.68,330.62,1046.06
598,葡萄,05/08/2020,542,2.05,0.33,1111.1,178.86,932.24
715,橙子,18/09/2020,542,6.64,4.84,3598.88,2623.28,975.6
212,石榴,19/03/2020,539,4.34,2.81,2339.26,1514.59,824.67
101,橙子,07/02/2020,538,1.52,0.73,817.76,392.74,425.02
432,橙子,04/06/2020,535,1.52,0.24,813.2,128.4,684.8
793,橙子,16/10/2020,535,6.47,2.62,3461.45,1401.7,2059.75
25,石榴,11/01/2020,532,1.53,0.24,813.96,127.68,686.28
91,葡萄,04/02/2020,532,1.53,0.37,813.96,196.84,617.12
511,土豆,04/07/2020,532,2.05,0.16,1090.6,85.12,1005.48
265,葡萄,10/04/2020,530,4.19,0.67,2220.7,355.1,1865.6
752,橙子,03/10/2020,530,1.11,0.26,588.3,137.8,450.5
87,橙子,03/02/2020,528,4.19,1.01,2212.32,533.28,1679.04
149,苹果,24/02/2020,526,6.64,2.69,3492.64,1414.94,2077.7
946,葡萄,09/12/2020,525,2.54,1.44,1333.5,756,577.5
130,洋葱,17/02/2020,522,1.53,0.12,798.66,62.64,736.02
825,石榴,27/10/2020,522,1.09,0.44,568.98,229.68,339.3
278,苹果,16/04/2020,521,4.19,0.67,2182.99,349.07,1833.92
561,橙子,20/07/2020,521,1.11,0.71,578.31,369.91,208.4
596,橙子,05/08/2020,521,1.52,0.49,791.92,255.29,536.63
298,胡萝卜,20/04/2020,517,2.05,1.16,1059.85,599.72,460.13
314,洋葱,26/04/2020,517,1.53,0.49,791.01,253.33,537.68
773,橙子,10/10/2020,517,1.52,0.73,785.84,377.41,408.43
467,苹果,18/06/2020,516,6.47,3.67,3338.52,1893.72,1444.8
911,土豆,26/11/2020,516,2.05,0.83,1057.8,428.28,629.52
222,石榴,24/03/2020,512,1.11,0.53,568.32,271.36,296.96
327,葡萄,29/04/2020,511,0.9,0.21,459.9,107.31,352.59
72,胡萝卜,30/01/2020,510,0.69,0.05,351.9,25.5,326.4
159,洋葱,01/03/2020,510,4.34,2.11,2213.4,1076.1,1137.3
879,胡萝卜,15/11/2020,510,0.73,0.47,372.3,239.7,132.6
24,土豆,11/01/2020,508,6.47,2.09,3286.76,1061.72,2225.04
142,橙子,21/02/2020,508,1.24,0.4,629.92,203.2,426.72
983,西葫芦,25/12/2020,508,2.54,1.23,1290.32,624.84,665.48
146,苹果,23/02/2020,505,4.34,2.81,2191.7,1419.05,772.65
163,土豆,02/03/2020,505,1.24,0.6,626.2,303,323.2
124,橙子,16/02/2020,503,0.9,0.21,452.7,105.63,347.07
112,橙子,12/02/2020,500,1.53,0.99,765,495,270
173,橙子,05/03/2020,497,2.54,1.02,1262.38,506.94,755.44
770,橙子,08/10/2020,497,4.19,1.01,2082.43,501.97,1580.46
116,石榴,14/02/2020,496,6.47,0.52,3209.12,257.92,2951.2
649,葡萄,27/08/2020,495,1.11,0.8,549.45,396,153.45
312,土豆,25/04/2020,494,6.64,2.69,3280.16,1328.86,1951.3
516,洋葱,06/07/2020,494,4.34,1.75,2143.96,864.5,1279.46
303,土豆,20/04/2020,492,4.19,1.35,2061.48,664.2,1397.28
866,西葫芦,11/11/2020,492,1.52,0.49,747.84,241.08,506.76
239,西葫芦,31/03/2020,491,0.52,0.29,255.32,142.39,112.93
537,胡萝卜,12/07/2020,491,4.34,2.11,2130.94,1036.01,1094.93
379,胡萝卜,17/05/2020,489,6.64,2.15,3246.96,1051.35,2195.61
888,石榴,18/11/2020,489,2.05,0.49,1002.45,239.61,762.84
384,苹果,19/05/2020,488,4.19,0.67,2044.72,326.96,1717.76
190,西葫芦,11/03/2020,487,0.69,0.22,336.03,107.14,228.89
328,土豆,30/04/2020,486,0.69,0.44,335.34,213.84,121.5
751,苹果,03/10/2020,484,0.31,0.12,150.04,58.08,91.96
113,洋葱,13/02/2020,478,2.54,1.85,1214.12,884.3,329.82
602,土豆,07/08/2020,475,1.24,0.4,589,190,399
404,西葫芦,25/05/2020,472,0.31,0.17,146.32,80.24,66.08
225,西葫芦,25/03/2020,469,1.52,0.98,712.88,459.62,253.26
175,胡萝卜,06/03/2020,468,2.05,0.66,959.4,308.88,650.52
860,胡萝卜,10/11/2020,468,1.09,0.26,510.12,121.68,388.44
500,石榴,28/06/2020,466,6.64,4.84,3094.24,2255.44,838.8
401,橙子,24/05/2020,464,1.09,0.35,505.76,162.4,343.36
284,橙子,17/04/2020,463,4.34,1.4,2009.42,648.2,1361.22
403,橙子,25/05/2020,462,1.03,0.5,475.86,231,244.86
484,葡萄,23/06/2020,462,2.54,1.44,1173.48,665.28,508.2
666,石榴,02/09/2020,461,1.53,0.49,705.33,225.89,479.44
762,葡萄,06/10/2020,461,2.05,0.33,945.05,152.13,792.92
573,葡萄,26/07/2020,458,1.45,1.05,664.1,480.9,183.2
614,石榴,10/08/2020,456,2.54,1.23,1158.24,560.88,597.36
593,土豆,04/08/2020,454,1.11,0.8,503.94,363.2,140.74
870,土豆,12/11/2020,450,0.9,0.07,405,31.5,373.5
503,苹果,01/07/2020,447,4.34,0.7,1939.98,312.9,1627.08
924,石榴,30/11/2020,445,1.45,0.94,645.25,418.3,226.95
829,西葫芦,28/10/2020,444,6.64,1.07,2948.16,475.08,2473.08
942,苹果,06/12/2020,443,6.47,3.67,2866.21,1625.81,1240.4
397,葡萄,22/05/2020,441,1.03,0.5,454.23,220.5,233.73
21,葡萄,09/01/2020,439,2.05,0.33,899.95,144.87,755.08
99,土豆,06/02/2020,438,4.34,2.11,1900.92,924.18,976.74
939,西葫芦,05/12/2020,437,4.19,0.33,1831.03,144.21,1686.82
624,土豆,16/08/2020,435,6.47,4.71,2814.45,2048.85,765.6
168,土豆,03/03/2020,431,6.47,3.67,2788.57,1581.77,1206.8
374,胡萝卜,16/05/2020,430,4.34,1.4,1866.2,602,1264.2
488,苹果,24/06/2020,430,4.34,0.7,1866.2,301,1565.2
969,葡萄,19/12/2020,430,2.05,0.33,881.5,141.9,739.6
993,苹果,30/12/2020,429,0.31,0.12,132.99,51.48,81.51
16,苹果,05/01/2020,427,6.47,4.71,2762.69,2011.17,751.52
506,橙子,02/07/2020,426,4.19,2.71,1784.94,1154.46,630.48
761,葡萄,05/10/2020,426,1.45,0.7,617.7,298.2,319.5
938,葡萄,05/12/2020,426,1.53,0.12,651.78,51.12,600.66
270,石榴,12/04/2020,425,4.19,0.33,1780.75,140.25,1640.5
321,洋葱,27/04/2020,423,1.53,0.49,647.19,207.27,439.92
763,葡萄,06/10/2020,423,1.53,0.74,647.19,313.02,334.17
143,苹果,21/02/2020,422,1.52,0.12,641.44,50.64,590.8
656,土豆,29/08/2020,419,1.09,0.7,456.71,293.3,163.41
787,土豆,14/10/2020,418,1.53,0.24,639.54,100.32,539.22
266,石榴,10/04/2020,415,2.05,1.16,850.75,481.4,369.35
970,橙子,20/12/2020,415,1.53,1.11,634.95,460.65,174.3
343,土豆,05/05/2020,414,2.54,1.23,1051.56,509.22,542.34
235,西葫芦,28/03/2020,411,1.09,0.44,447.99,180.84,267.15
211,石榴,19/03/2020,408,4.19,3.05,1709.52,1244.4,465.12
61,西葫芦,27/01/2020,405,2.05,0.49,830.25,198.45,631.8
962,胡萝卜,17/12/2020,403,6.47,3.14,2607.41,1265.42,1341.99
532,土豆,10/07/2020,401,4.34,0.35,1740.34,140.35,1599.99
789,胡萝卜,15/10/2020,401,1.53,0.37,613.53,148.37,465.16
228,西葫芦,25/03/2020,400,2.05,0.66,820,264,556
251,苹果,05/04/2020,400,2.54,0.2,1016,80,936
961,西葫芦,16/12/2020,400,4.34,1.05,1736,420,1316
613,西葫芦,10/08/2020,399,4.19,2.37,1671.81,945.63,726.18
639,胡萝卜,21/08/2020,399,2.05,0.83,817.95,331.17,486.78
671,土豆,03/09/2020,399,2.05,1.16,817.95,462.84,355.11
836,胡萝卜,29/10/2020,399,2.54,0.82,1013.46,327.18,686.28
808,苹果,20/10/2020,396,1.09,0.17,431.64,67.32,364.32
51,土豆,23/01/2020,395,1.52,0.86,600.4,339.7,260.7
198,葡萄,15/03/2020,395,4.19,0.33,1655.05,130.35,1524.7
496,橙子,26/06/2020,394,0.69,0.5,271.86,197,74.86
937,葡萄,05/12/2020,393,4.34,2.81,1705.62,1104.33,601.29
992,葡萄,30/12/2020,393,2.05,0.83,805.65,326.19,479.46
719,橙子,19/09/2020,392,1.03,0.33,403.76,129.36,274.4
941,苹果,06/12/2020,392,6.47,4.71,2536.24,1846.32,689.92
920,葡萄,29/11/2020,389,1.53,1.11,595.17,431.79,163.38
186,苹果,10/03/2020,388,4.34,0.7,1683.92,271.6,1412.32
706,洋葱,15/09/2020,388,2.05,1.16,795.4,450.08,345.32
370,苹果,14/05/2020,387,2.54,1.85,982.98,715.95,267.03
957,葡萄,15/12/2020,386,1.53,0.37,590.58,142.82,447.76
525,胡萝卜,08/07/2020,384,1.53,0.99,587.52,380.16,207.36
915,葡萄,27/11/2020,382,2.05,0.83,783.1,317.06,466.04
463,橙子,15/06/2020,381,2.05,1.16,781.05,441.96,339.09
508,苹果,03/07/2020,381,1.53,0.99,582.93,377.19,205.74
740,苹果,28/09/2020,381,6.47,1.57,2465.07,598.17,1866.9
766,葡萄,07/10/2020,381,1.45,0.11,552.45,41.91,510.54
272,土豆,13/04/2020,378,6.64,1.07,2509.92,404.46,2105.46
545,橙子,16/07/2020,378,0.9,0.51,340.2,192.78,147.42
984,石榴,26/12/2020,377,6.64,1.61,2503.28,606.97,1896.31
69,橙子,29/01/2020,375,0.69,0.39,258.75,146.25,112.5
27,土豆,14/01/2020,370,6.47,0.52,2393.9,192.4,2201.5
109,西葫芦,11/02/2020,370,0.52,0.25,192.4,92.5,99.9
932,土豆,03/12/2020,370,2.54,0.82,939.8,303.4,636.4
965,西葫芦,18/12/2020,370,4.19,0.33,1550.3,122.1,1428.2
418,葡萄,30/05/2020,369,1.53,0.12,564.57,44.28,520.29
352,苹果,09/05/2020,368,1.53,0.74,563.04,272.32,290.72
179,胡萝卜,08/03/2020,367,1.09,0.44,400.03,161.48,238.55
117,葡萄,14/02/2020,364,1.53,0.49,556.92,178.36,378.56
519,橙子,07/07/2020,363,6.47,2.09,2348.61,758.67,1589.94
683,洋葱,06/09/2020,362,1.53,0.24,553.86,86.88,466.98
693,石榴,10/09/2020,362,1.09,0.44,394.58,159.28,235.3
916,洋葱,28/11/2020,362,4.19,1.69,1516.78,611.78,905
877,西葫芦,15/11/2020,361,1.03,0.66,371.83,238.26,133.57
708,石榴,16/09/2020,359,0.31,0.15,111.29,53.85,57.44
733,胡萝卜,26/09/2020,359,2.05,0.49,735.95,175.91,560.04
556,葡萄,19/07/2020,358,6.64,2.15,2377.12,769.7,1607.42
34,橙子,17/01/2020,356,6.47,3.14,2303.32,1117.84,1185.48
609,葡萄,08/08/2020,351,0.31,0.2,108.81,70.2,38.61
717,西葫芦,19/09/2020,351,0.69,0.05,242.19,17.55,224.64
844,苹果,03/11/2020,350,1.09,0.44,381.5,154,227.5
220,葡萄,24/03/2020,347,6.47,4.19,2245.09,1453.93,791.16
578,苹果,28/07/2020,347,2.05,0.33,711.35,114.51,596.84
601,土豆,06/08/2020,347,1.53,0.74,530.91,256.78,274.13
360,胡萝卜,10/05/2020,346,1.24,0.2,429.04,69.2,359.84
478,胡萝卜,22/06/2020,346,0.69,0.44,238.74,152.24,86.5
541,石榴,14/07/2020,345,1.09,0.44,376.05,151.8,224.25
1000,橙子,01/01/2021,345,1.03,0.75,355.35,258.75,96.6
138,石榴,20/02/2020,339,1.09,0.17,369.51,57.63,311.88
758,胡萝卜,04/10/2020,336,1.53,1.11,514.08,372.96,141.12
855,洋葱,09/11/2020,336,1.53,0.74,514.08,248.64,265.44
274,西葫芦,15/04/2020,334,2.54,0.41,848.36,136.94,711.42
848,葡萄,06/11/2020,331,4.34,1.05,1436.54,347.55,1088.99
307,橙子,22/04/2020,328,1.52,0.73,498.56,239.44,259.12
299,苹果,20/04/2020,326,1.53,0.61,498.78,198.86,299.92
147,胡萝卜,23/02/2020,322,1.11,0.17,357.42,54.74,302.68
874,洋葱,13/11/2020,322,1.52,0.36,489.44,115.92,373.52
64,苹果,27/01/2020,321,1.09,0.7,349.89,224.7,125.19
242,葡萄,02/04/2020,316,0.9,0.14,284.4,44.24,240.16
469,西葫芦,18/06/2020,316,1.03,0.41,325.48,129.56,195.92
772,石榴,08/10/2020,312,4.34,2.46,1354.08,767.52,586.56
282,葡萄,16/04/2020,311,4.19,2.03,1303.09,631.33,671.76
471,胡萝卜,19/06/2020,309,1.53,0.49,472.77,151.41,321.36
330,苹果,01/05/2020,308,2.54,0.41,782.32,126.28,656.04
174,洋葱,06/03/2020,305,1.24,0.5,378.2,152.5,225.7
383,洋葱,19/05/2020,303,1.09,0.35,330.27,106.05,224.22
959,葡萄,16/12/2020,303,1.45,0.23,439.35,69.69,369.66
243,洋葱,03/04/2020,302,1.24,0.6,374.48,181.2,193.28
240,石榴,01/04/2020,298,2.54,0.2,756.92,59.6,697.32
677,土豆,05/09/2020,298,6.64,3.22,1978.72,959.56,1019.16
6,橙子,02/01/2020,297,2.05,0.99,608.85,294.03,314.82
663,橙子,01/09/2020,296,4.34,2.46,1284.64,728.16,556.48
732,橙子,25/09/2020,296,1.53,0.74,452.88,219.04,233.84
304,葡萄,21/04/2020,292,6.47,4.19,1889.24,1223.48,665.76
851,洋葱,08/11/2020,291,1.11,0.62,323.01,180.42,142.59
267,西葫芦,10/04/2020,289,0.73,0.23,210.97,66.47,144.5
675,胡萝卜,04/09/2020,287,4.34,0.35,1245.58,100.45,1145.13
727,土豆,23/09/2020,287,1.09,0.7,312.83,200.9,111.93
899,橙子,23/11/2020,287,6.47,3.67,1856.89,1053.29,803.6
569,苹果,25/07/2020,286,1.09,0.44,311.74,125.84,185.9
620,土豆,14/08/2020,284,1.09,0.52,309.56,147.68,161.88
483,西葫芦,23/06/2020,283,6.64,0.53,1879.12,149.99,1729.13
747,葡萄,01/10/2020,282,6.64,1.07,1872.48,301.74,1570.74
780,胡萝卜,12/10/2020,282,1.52,0.12,428.64,33.84,394.8
634,石榴,19/08/2020,281,6.64,4.3,1865.84,1208.3,657.54
785,西葫芦,13/10/2020,281,2.05,0.33,576.05,92.73,483.32
161,土豆,02/03/2020,280,1.09,0.61,305.2,170.8,134.4
33,胡萝卜,17/01/2020,278,0.31,0.17,86.18,47.26,38.92
320,洋葱,27/04/2020,278,6.64,2.15,1845.92,597.7,1248.22
339,西葫芦,05/05/2020,278,2.54,0.2,706.12,55.6,650.52
721,苹果,20/09/2020,275,1.45,0.94,398.75,258.5,140.25
880,苹果,15/11/2020,275,1.09,0.35,299.75,96.25,203.5
29,橙子,15/01/2020,274,6.47,2.09,1772.78,572.66,1200.12
482,洋葱,23/06/2020,274,1.11,0.35,304.14,95.9,208.24
558,葡萄,19/07/2020,270,6.64,2.69,1792.8,726.3,1066.5
619,西葫芦,14/08/2020,269,4.19,2.71,1127.11,728.99,398.12
633,橙子,19/08/2020,267,0.9,0.65,240.3,173.55,66.75
950,苹果,11/12/2020,267,6.64,2.15,1772.88,574.05,1198.83
106,石榴,10/02/2020,265,1.53,0.37,405.45,98.05,307.4
749,苹果,02/10/2020,265,6.47,2.09,1714.55,553.85,1160.7
371,西葫芦,15/05/2020,264,6.47,3.67,1708.08,968.88,739.2
592,橙子,03/08/2020,263,1.09,0.52,286.67,136.76,149.91
76,苹果,31/01/2020,262,1.03,0.58,269.86,151.96,117.9
125,西葫芦,16/02/2020,262,0.69,0.11,180.78,28.82,151.96
813,葡萄,23/10/2020,260,2.54,0.61,660.4,158.6,501.8
872,洋葱,13/11/2020,260,1.03,0.08,267.8,20.8,247
369,西葫芦,14/05/2020,258,2.05,1.32,528.9,340.56,188.34
526,洋葱,09/07/2020,257,1.52,0.12,390.64,30.84,359.8
944,土豆,07/12/2020,257,0.69,0.39,177.33,100.23,77.1
597,苹果,05/08/2020,256,0.52,0.04,133.12,10.24,122.88
221,土豆,24/03/2020,255,1.52,0.86,387.6,219.3,168.3
767,橙子,07/10/2020,255,6.47,3.67,1649.85,935.85,714
9,西葫芦,03/01/2020,254,4.19,1.35,1064.26,342.9,721.36
244,橙子,03/04/2020,254,0.73,0.35,185.42,88.9,96.52
8,土豆,03/01/2020,253,4.19,0.33,1060.07,83.49,976.58
289,胡萝卜,18/04/2020,251,1.11,0.8,278.61,200.8,77.81
725,胡萝卜,22/09/2020,246,4.19,2.37,1030.74,583.02,447.72
795,葡萄,17/10/2020,244,0.69,0.05,168.36,12.2,156.16
979,洋葱,23/12/2020,243,0.9,0.14,218.7,34.02,184.68
48,西葫芦,22/01/2020,242,6.47,2.62,1565.74,634.04,931.7
335,胡萝卜,03/05/2020,241,2.54,1.23,612.14,296.43,315.71
462,橙子,15/06/2020,241,1.52,1.1,366.32,265.1,101.22
499,土豆,26/06/2020,241,1.53,0.74,368.73,178.34,190.39
538,土豆,13/07/2020,240,2.05,0.66,492,158.4,333.6
794,石榴,17/10/2020,240,6.47,4.71,1552.8,1130.4,422.4
903,胡萝卜,24/11/2020,238,0.73,0.53,173.74,126.14,47.6
344,洋葱,05/05/2020,236,1.45,0.47,342.2,110.92,231.28
415,胡萝卜,29/05/2020,236,4.34,3.16,1024.24,745.76,278.48
990,橙子,30/12/2020,235,1.09,0.17,256.15,39.95,216.2
882,胡萝卜,16/11/2020,233,0.31,0.22,72.23,51.26,20.97
126,橙子,16/02/2020,232,1.53,0.86,354.96,199.52,155.44
968,洋葱,19/12/2020,230,0.52,0.33,119.6,75.9,43.7
583,橙子,29/07/2020,229,4.34,1.75,993.86,400.75,593.11
846,洋葱,04/11/2020,229,1.53,0.49,350.37,112.21,238.16
923,石榴,30/11/2020,225,2.05,0.16,461.25,36,425.25
103,胡萝卜,09/02/2020,222,1.45,0.11,321.9,24.42,297.48
326,胡萝卜,29/04/2020,221,1.09,0.35,240.89,77.35,163.54
332,洋葱,02/05/2020,221,0.69,0.27,152.49,59.67,92.82
464,葡萄,16/06/2020,221,6.64,2.69,1467.44,594.49,872.95
698,葡萄,11/09/2020,221,4.34,0.7,959.14,154.7,804.44
901,葡萄,23/11/2020,219,1.52,0.98,332.88,214.62,118.26
627,橙子,17/08/2020,215,1.53,0.49,328.95,105.35,223.6
967,洋葱,19/12/2020,213,6.64,2.15,1414.32,457.95,956.37
5,洋葱,02/01/2020,212,4.34,2.11,920.08,447.32,472.76
645,土豆,25/08/2020,212,2.54,1.85,538.48,392.2,146.28
701,胡萝卜,12/09/2020,211,0.31,0.1,65.41,21.1,44.31
689,土豆,09/09/2020,210,0.73,0.47,153.3,98.7,54.6
820,石榴,25/10/2020,210,1.09,0.61,228.9,128.1,100.8
392,石榴,21/05/2020,207,2.54,0.41,525.78,84.87,440.91
59,苹果,26/01/2020,206,0.52,0.12,107.12,24.72,82.4
431,葡萄,04/06/2020,206,1.53,0.49,315.18,100.94,214.24
792,西葫芦,16/10/2020,205,4.19,0.67,858.95,137.35,721.6
14,橙子,04/01/2020,203,6.64,2.15,1347.92,436.45,911.47
111,苹果,11/02/2020,202,4.34,1.4,876.68,282.8,593.88
279,石榴,16/04/2020,201,6.64,4.84,1334.64,972.84,361.8
929,胡萝卜,02/12/2020,200,6.64,4.84,1328,968,360
956,葡萄,14/12/2020,200,1.52,0.49,304,98,206
53,葡萄,24/01/2020,199,1.52,0.98,302.48,195.02,107.46
589,胡萝卜,01/08/2020,199,1.52,0.24,302.48,47.76,254.72
170,苹果,04/03/2020,197,2.54,1.85,500.38,364.45,135.93
233,石榴,26/03/2020,197,1.53,0.12,301.41,23.64,277.77
621,石榴,15/08/2020,197,1.24,0.7,244.28,137.9,106.38
232,葡萄,26/03/2020,194,6.47,4.19,1255.18,812.86,442.32
765,土豆,07/10/2020,193,1.52,0.49,293.36,94.57,198.79
100,苹果,06/02/2020,192,2.54,1.64,487.68,314.88,172.8
348,胡萝卜,07/05/2020,192,1.52,0.73,291.84,140.16,151.68
859,葡萄,09/11/2020,192,0.9,0.51,172.8,97.92,74.88
90,葡萄,04/02/2020,189,1.53,0.86,289.17,162.54,126.63
259,橙子,08/04/2020,189,0.69,0.11,130.41,20.79,109.62
653,葡萄,29/08/2020,189,1.09,0.52,206.01,98.28,107.73
518,西葫芦,07/07/2020,187,6.64,4.84,1241.68,905.08,336.6
750,葡萄,02/10/2020,186,0.52,0.37,96.72,68.82,27.9
745,西葫芦,30/09/2020,185,2.54,1.02,469.9,188.7,281.2
155,橙子,27/02/2020,184,6.64,2.15,1221.76,395.6,826.16
36,土豆,17/01/2020,182,0.73,0.41,132.86,74.62,58.24
115,西葫芦,14/02/2020,181,2.05,0.33,371.05,59.73,311.32
363,橙子,11/05/2020,180,2.54,0.82,457.2,147.6,309.6
489,土豆,24/06/2020,179,6.64,4.84,1188.56,866.36,322.2
505,洋葱,01/07/2020,177,1.52,0.12,269.04,21.24,247.8
579,苹果,28/07/2020,177,4.19,3.05,741.63,539.85,201.78
1,胡萝卜,01/01/2020,176,4.19,1.35,737.44,237.6,499.84
355,苹果,09/05/2020,176,2.05,1.32,360.8,232.32,128.48
308,橙子,22/04/2020,175,6.47,3.14,1132.25,549.5,582.75
976,葡萄,22/12/2020,167,2.05,1.16,342.35,193.72,148.63
372,苹果,15/05/2020,166,2.05,0.49,340.3,81.34,258.96
215,西葫芦,20/03/2020,165,1.53,0.74,252.45,122.1,130.35
406,西葫芦,26/05/2020,165,2.54,0.82,419.1,135.3,283.8
768,葡萄,07/10/2020,165,6.47,4.19,1067.55,691.35,376.2
345,苹果,06/05/2020,164,6.47,3.67,1061.08,601.88,459.2
863,石榴,10/11/2020,164,0.9,0.07,147.6,11.48,136.12
417,橙子,30/05/2020,162,0.73,0.11,118.26,17.82,100.44
769,西葫芦,07/10/2020,161,1.03,0.41,165.83,66.01,99.82
742,洋葱,28/09/2020,160,1.11,0.44,177.6,70.4,107.2
430,葡萄,04/06/2020,158,6.64,1.07,1049.12,169.06,880.06
896,胡萝卜,20/11/2020,157,6.64,3.76,1042.48,590.32,452.16
917,西葫芦,28/11/2020,157,0.52,0.37,81.64,58.09,23.55
253,苹果,06/04/2020,156,4.19,2.71,653.64,422.76,230.88
822,胡萝卜,26/10/2020,156,6.64,1.61,1035.84,251.16,784.68
972,洋葱,21/12/2020,156,1.45,0.35,226.2,54.6,171.6
686,葡萄,09/09/2020,153,1.09,0.17,166.77,26.01,140.76
23,土豆,10/01/2020,152,1.52,0.12,231.04,18.24,212.8
549,土豆,17/07/2020,151,4.34,2.11,655.34,318.61,336.73
351,石榴,08/05/2020,149,2.05,0.83,305.45,123.67,181.78
85,胡萝卜,02/02/2020,148,0.69,0.11,102.12,16.28,85.84
605,葡萄,07/08/2020,146,1.09,0.35,159.14,51.1,108.04
108,石榴,11/02/2020,143,1.53,0.49,218.79,70.07,148.72
584,橙子,29/07/2020,142,4.34,2.11,616.28,299.62,316.66
62,橙子,27/01/2020,140,2.05,1.16,287,162.4,124.6
629,洋葱,18/08/2020,138,6.64,1.07,916.32,147.66,768.66
470,葡萄,19/06/2020,137,1.11,0.53,152.07,72.61,79.46
908,胡萝卜,25/11/2020,137,1.03,0.25,141.11,34.25,106.86
37,西葫芦,18/01/2020,136,1.09,0.26,148.24,35.36,112.88
154,胡萝卜,26/02/2020,136,2.05,1.16,278.8,157.76,121.04
171,石榴,04/03/2020,135,1.52,0.98,205.2,132.3,72.9
876,土豆,14/11/2020,133,4.19,0.67,557.27,89.11,468.16
512,橙子,04/07/2020,132,4.19,2.71,553.08,357.72,195.36
310,土豆,23/04/2020,129,2.05,0.83,264.45,107.07,157.38
522,苹果,07/07/2020,129,1.52,0.86,196.08,110.94,85.14
204,石榴,16/03/2020,128,6.64,3.22,849.92,412.16,437.76
205,石榴,17/03/2020,128,1.53,1.11,195.84,142.08,53.76
423,橙子,01/06/2020,128,4.34,0.35,555.52,44.8,510.72
553,西葫芦,18/07/2020,128,1.53,1.11,195.84,142.08,53.76
775,橙子,11/10/2020,127,1.11,0.44,140.97,55.88,85.09
446,胡萝卜,11/06/2020,125,6.47,4.71,808.75,588.75,220
945,胡萝卜,08/12/2020,125,6.64,1.61,830,201.25,628.75
883,胡萝卜,16/11/2020,123,6.47,1.04,795.81,127.92,667.89
699,苹果,11/09/2020,118,4.19,0.33,494.42,38.94,455.48
193,石榴,13/03/2020,116,2.54,0.82,294.64,95.12,199.52
219,土豆,24/03/2020,116,6.47,1.04,750.52,120.64,629.88
716,葡萄,18/09/2020,116,1.53,0.74,177.48,85.84,91.64
197,橙子,15/03/2020,113,4.19,0.67,473.47,75.71,397.76
300,土豆,20/04/2020,113,1.45,0.47,163.85,53.11,110.74
935,胡萝卜,05/12/2020,112,6.47,4.19,724.64,469.28,255.36
32,苹果,17/01/2020,110,0.9,0.07,99,7.7,91.3
361,葡萄,10/05/2020,106,1.11,0.62,117.66,65.72,51.94
177,石榴,07/03/2020,105,1.09,0.7,114.45,73.5,40.95
809,土豆,20/10/2020,105,2.05,1.32,215.25,138.6,76.65
364,西葫芦,12/05/2020,104,2.05,0.16,213.2,16.64,196.56
422,苹果,01/06/2020,104,0.69,0.22,71.76,22.88,48.88
658,洋葱,30/08/2020,104,1.11,0.26,115.44,27.04,88.4
997,西葫芦,31/12/2020,103,6.64,3.76,683.92,387.28,296.64
890,葡萄,18/11/2020,102,1.53,0.49,156.06,49.98,106.08
30,葡萄,15/01/2020,101,0.52,0.16,52.52,16.16,36.36
132,葡萄,18/02/2020,101,0.69,0.5,69.69,50.5,19.19
367,石榴,13/05/2020,101,1.03,0.75,104.03,75.75,28.28
771,胡萝卜,08/10/2020,99,6.47,0.52,640.53,51.48,589.05
199,胡萝卜,15/03/2020,98,1.09,0.44,106.82,43.12,63.7
331,洋葱,01/05/2020,98,0.73,0.47,71.54,46.06,25.48
158,西葫芦,29/02/2020,93,6.47,3.67,601.71,341.31,260.4
567,石榴,24/07/2020,92,1.53,0.74,140.76,68.08,72.68
323,苹果,27/04/2020,86,6.47,2.09,556.42,179.74,376.68
427,洋葱,04/06/2020,86,1.09,0.52,93.74,44.72,49.02
20,西葫芦,07/01/2020,85,2.05,1.49,174.25,126.65,47.6
333,胡萝卜,02/05/2020,85,0.69,0.11,58.65,9.35,49.3
858,西葫芦,09/11/2020,82,6.64,4.3,544.48,352.6,191.88
182,西葫芦,09/03/2020,81,1.11,0.26,89.91,21.06,68.85
590,胡萝卜,01/08/2020,79,6.64,4.84,524.56,382.36,142.2
618,石榴,14/08/2020,76,1.52,0.61,115.52,46.36,69.16
354,橙子,09/05/2020,74,2.54,0.82,187.96,60.68,127.28
426,葡萄,02/06/2020,73,2.05,1.16,149.65,84.68,64.97
504,洋葱,01/07/2020,73,1.52,0.49,110.96,35.77,75.19
834,石榴,29/10/2020,73,6.47,1.04,472.31,75.92,396.39
921,胡萝卜,29/11/2020,73,0.9,0.36,65.7,26.28,39.42
73,土豆,30/01/2020,71,1.09,0.44,77.39,31.24,46.15
359,西葫芦,10/05/2020,70,2.54,0.61,177.8,42.7,135.1
542,石榴,15/07/2020,69,1.53,0.37,105.57,25.53,80.04
781,葡萄,12/10/2020,67,0.69,0.22,46.23,14.74,31.49
313,土豆,26/04/2020,64,4.34,1.4,277.76,89.6,188.16
472,苹果,20/06/2020,63,1.09,0.44,68.67,27.72,40.95
86,胡萝卜,03/02/2020,62,2.54,0.41,157.48,25.42,132.06
196,苹果,14/03/2020,60,1.52,1.1,91.2,66,25.2
722,土豆,21/09/2020,58,1.11,0.8,64.38,46.4,17.98
709,橙子,16/09/2020,56,0.69,0.39,38.64,21.84,16.8
456,苹果,14/06/2020,55,1.52,0.24,83.6,13.2,70.4
695,苹果,10/09/2020,54,0.73,0.53,39.42,28.62,10.8
386,土豆,20/05/2020,52,4.19,2.71,217.88,140.92,76.96
393,洋葱,21/05/2020,51,6.47,4.19,329.97,213.69,116.28
119,西葫芦,14/02/2020,50,2.54,1.02,127,51,76
424,土豆,02/06/2020,50,1.52,1.1,76,55,21
650,胡萝卜,28/08/2020,49,6.64,3.76,325.36,184.24,141.12
774,胡萝卜,10/10/2020,49,0.69,0.44,33.81,21.56,12.25
273,橙子,14/04/2020,47,0.31,0.1,14.57,4.7,9.87
704,胡萝卜,14/09/2020,47,1.52,0.73,71.44,34.31,37.13
12,石榴,03/01/2020,46,1.52,0.61,69.92,28.06,41.86
47,橙子,22/01/2020,45,2.54,0.41,114.3,18.45,95.85
811,石榴,21/10/2020,45,1.53,0.37,68.85,16.65,52.2
893,葡萄,19/11/2020,45,0.69,0.27,31.05,12.15,18.9
989,洋葱,28/12/2020,43,6.47,4.71,278.21,202.53,75.68
94,葡萄,05/02/2020,41,1.52,0.36,62.32,14.76,47.56
11,苹果,03/01/2020,40,1.24,0.3,49.6,12,37.6
587,葡萄,31/07/2020,40,1.03,0.66,41.2,26.4,14.8
391,胡萝卜,21/05/2020,39,6.47,4.19,252.33,163.41,88.92
137,石榴,20/02/2020,36,0.73,0.35,26.28,12.6,13.68
509,橙子,03/07/2020,36,4.34,1.05,156.24,37.8,118.44
933,胡萝卜,04/12/2020,36,2.54,1.64,91.44,59.04,32.4
664,洋葱,01/09/2020,35,2.05,0.49,71.75,17.15,54.6
828,西葫芦,28/10/2020,35,6.64,1.61,232.4,56.35,176.05
991,土豆,30/12/2020,35,4.19,2.37,146.65,82.95,63.7
458,石榴,15/06/2020,34,0.52,0.29,17.68,9.86,7.82
566,苹果,24/07/2020,33,2.54,1.44,83.82,47.52,36.3
814,橙子,23/10/2020,33,2.54,0.61,83.82,20.13,63.69
338,橙子,04/05/2020,31,4.19,0.67,129.89,20.77,109.12
746,西葫芦,30/09/2020,30,1.52,0.73,45.6,21.9,23.7
753,葡萄,03/10/2020,27,0.31,0.12,8.37,3.24,5.13
868,葡萄,11/11/2020,27,4.19,1.69,113.13,45.63,67.5
565,橙子,24/07/2020,26,4.34,1.75,112.84,45.5,67.34
301,苹果,20/04/2020,24,2.54,1.02,60.96,24.48,36.48
436,胡萝卜,07/06/2020,23,6.64,1.07,152.72,24.61,128.11
258,洋葱,08/04/2020,22,1.09,0.61,23.98,13.42,10.56
291,西葫芦,19/04/2020,21,1.52,0.49,31.92,10.29,21.63
497,洋葱,26/06/2020,21,1.53,0.37,32.13,7.77,24.36
249,土豆,04/04/2020,18,1.09,0.35,19.62,6.3,13.32
399,苹果,24/05/2020,15,1.09,0.35,16.35,5.25,11.1
128,橙子,17/02/2020,14,1.11,0.53,15.54,7.42,8.12
797,石榴,18/10/2020,13,4.19,3.05,54.47,39.65,14.82
121,葡萄,15/02/2020,11,1.45,0.11,15.95,1.21,14.74
452,西葫芦,13/06/2020,10,2.54,0.41,25.4,4.1,21.3
425,苹果,02/06/2020,9,6.47,3.67,58.23,33.03,25.2
306,石榴,21/04/2020,8,4.19,2.03,33.52,16.24,17.28
728,胡萝卜,24/09/2020,8,1.53,0.49,12.24,3.92,8.32
129,胡萝卜,17/02/2020,5,6.47,3.14,32.35,15.7,16.65
319,石榴,26/04/2020,4,1.03,0.41,4.12,1.64,2.48
680,橙子,05/09/2020,2,6.64,1.61,13.28,3.22,10.06
